time,linear.x,linear.y,linear.z,angular.x,angular.y,angular.z
0.041383981704711914,0.0,0.0,0.0,0.0,0.0,0.0
0.09106945991516113,0.0,0.0,0.0,0.0,0.0,0.0
0.1411123275756836,0.0,0.0,0.0,0.0,0.0,0.0
0.19110417366027832,0.0,0.0,0.0,0.0,0.0,0.0
0.24114513397216797,0.0,0.0,0.0,0.0,0.0,0.0
0.29105424880981445,0.0,0.0,0.0,0.0,0.0,0.0
0.3428223133087158,0.0,0.0,0.0,0.0,0.0,0.0
0.39107251167297363,0.0,0.0,0.0,0.0,0.0,0.0
0.44107484817504883,0.0,0.0,0.0,0.0,0.0,0.0
0.49102187156677246,0.0,0.0,0.0,0.0,0.0,0.0
0.5410585403442383,0.0,0.0,0.0,0.0,0.0,0.0
0.5910332202911377,0.0,0.0,0.0,0.0,0.0,0.0
0.6410918235778809,0.0,0.0,0.0,0.0,0.0,0.0
0.6911511421203613,0.0,0.0,0.0,0.0,0.0,0.0
0.7410876750946045,0.0,0.0,0.0,0.0,0.0,0.0
0.791022539138794,0.0,0.0,0.0,0.0,0.0,0.0
0.8410539627075195,0.0,0.0,0.0,0.0,0.0,0.0
0.8911468982696533,0.0,0.0,0.0,0.0,0.0,0.0
0.9411072731018066,0.0,0.0,0.0,0.0,0.0,0.0
0.9910964965820312,0.0,0.0,0.0,0.0,0.0,0.0
1.041086196899414,0.0,0.0,0.0,0.0,0.0,0.0
1.0910735130310059,0.0,0.0,0.0,0.0,0.0,0.0
1.1410622596740723,0.0,0.0,0.0,0.0,0.0,0.0
1.1913981437683105,0.0,0.0,0.0,0.0,0.0,0.0
1.241025447845459,0.0,0.0,0.0,0.0,0.0,0.0
1.2912335395812988,-0.0,0.0,2.0,0.0,0.0,0.0
1.3411519527435303,-0.0,0.0,2.0,0.0,0.0,0.0
1.3912451267242432,-0.0,0.0,2.0,0.0,0.0,0.0
1.4410927295684814,-0.0,0.0,2.0,0.0,0.0,0.0
1.4910612106323242,-0.0,0.0,2.0,0.0,0.0,0.0
1.5410683155059814,-0.0,0.0,2.0,0.0,0.0,0.0
1.5910968780517578,-0.0,0.0,2.0,0.0,0.0,0.0
1.6410448551177979,-0.0,0.0,2.0,0.0,0.0,0.0
1.6910336017608643,-0.0,0.0,2.0,0.0,0.0,0.0
1.7410247325897217,4.0,0.0,2.0,0.0,0.0,0.0
1.7910730838775635,4.0,0.0,2.0,0.0,0.0,0.0
1.8410918712615967,4.0,0.0,2.0,0.0,0.0,0.0
1.891106367111206,4.0,0.0,2.0,0.0,0.0,0.0
1.9411125183105469,4.0,0.0,2.0,0.0,0.0,0.0
1.9910519123077393,4.0,0.0,2.0,0.0,0.0,0.0
2.041062593460083,4.0,0.0,2.0,0.0,0.0,0.0
2.091057777404785,4.0,0.0,2.0,0.0,0.0,0.0
2.1410632133483887,4.0,0.0,2.0,0.0,0.0,0.0
2.191023588180542,4.0,0.0,2.0,0.0,0.0,0.0
2.2410755157470703,4.0,0.0,2.0,0.0,0.0,0.0
2.2910420894622803,4.0,0.0,2.0,0.0,0.0,0.0
2.341036081314087,4.0,0.0,2.0,0.0,0.0,0.0
2.3911092281341553,4.0,0.0,2.0,0.0,0.0,0.0
2.441072940826416,4.0,0.0,2.0,0.0,0.0,0.0
2.491039991378784,4.0,0.0,2.0,0.0,0.0,0.0
2.541049003601074,4.0,0.0,2.0,0.0,0.0,0.0
2.591022253036499,4.0,0.0,2.0,0.0,0.0,0.0
2.6410818099975586,4.0,0.0,2.0,0.0,0.0,0.0
2.6910758018493652,4.0,0.0,2.0,0.0,0.0,0.0
2.741084575653076,-1.6552789211273193,0.0,2.0,0.0,0.0,0.0
2.7910654544830322,-0.0,0.0,2.0,0.0,0.0,0.0
2.8410513401031494,-0.0,0.0,2.0,0.0,0.0,0.0
2.891047239303589,-0.0,0.0,2.0,0.0,0.0,0.0
2.9410929679870605,-0.0,0.0,2.0,0.0,0.0,0.0
2.9910831451416016,-0.0,0.0,2.0,0.0,0.0,0.0
3.0410850048065186,-0.0,0.0,2.0,0.0,0.0,0.0
3.0910866260528564,-0.0,0.0,2.0,0.0,0.0,0.0
3.1413064002990723,-0.2682608962059021,0.0,2.0,0.0,0.0,0.0
3.191009044647217,-4.0,0.0,2.0,0.0,0.0,0.0
3.2410969734191895,-4.0,0.0,2.0,0.0,0.0,0.0
3.2910735607147217,-4.0,0.0,2.0,0.0,0.0,0.0
3.34110426902771,-4.0,0.0,2.0,0.0,0.0,0.0
3.39111590385437,-4.0,0.0,2.0,0.0,0.0,0.0
3.44118070602417,-4.0,0.0,2.0,0.0,0.0,0.0
3.4910807609558105,-4.0,0.0,2.0,0.0,0.0,0.0
3.5410947799682617,-4.0,0.0,2.0,0.0,0.0,0.0
3.5910565853118896,-4.0,0.0,2.0,0.0,0.0,0.0
3.6410951614379883,-4.0,0.0,2.0,0.0,0.0,0.0
3.6910688877105713,-4.0,0.0,2.0,0.0,0.0,0.0
3.7410433292388916,-4.0,0.0,2.0,0.0,0.0,0.0
3.7910571098327637,-4.0,0.0,2.0,0.0,0.0,0.0
3.841069221496582,-4.0,0.0,2.0,0.0,0.0,0.0
3.891035556793213,-4.0,0.0,2.0,0.0,0.0,0.0
3.941035270690918,-4.0,0.0,2.0,0.0,0.0,0.0
3.9910659790039062,-4.0,0.0,2.0,0.0,0.0,0.0
4.041105508804321,-4.0,0.0,2.0,0.0,0.0,0.0
4.091017961502075,-4.0,0.0,2.0,0.0,0.0,0.0
4.141090154647827,-4.0,0.0,2.0,0.0,0.0,0.0
4.190994501113892,-4.0,0.0,2.0,0.0,0.0,0.0
4.241103172302246,-4.0,0.0,2.0,0.0,0.0,0.0
4.291293144226074,-4.0,0.0,2.0,0.0,0.0,0.0
4.341097116470337,-4.0,0.0,2.0,0.0,0.0,0.0
4.391148805618286,-4.0,0.0,2.0,0.0,0.0,0.0
4.4410552978515625,-4.0,0.0,2.0,0.0,0.0,0.0
4.491119623184204,-4.0,0.0,2.0,0.0,0.0,0.0
4.541054010391235,-4.0,0.0,2.0,0.0,0.0,0.0
4.591041803359985,-4.0,0.0,2.0,0.0,0.0,0.0
4.641035318374634,-0.0,0.0,2.0,0.0,0.0,0.0
4.691091775894165,-0.0,0.0,2.0,0.0,0.0,0.0
4.741059064865112,-0.0,0.0,2.0,0.0,0.0,0.0
4.7910566329956055,-0.0,0.0,2.0,0.0,0.0,0.0
4.841100454330444,-0.0,0.0,2.0,0.0,0.0,0.0
4.891050100326538,-0.0,0.0,2.0,0.0,0.0,0.0
4.9410319328308105,-0.0,0.0,2.0,0.0,0.0,0.0
4.991054058074951,-0.0,0.0,2.0,0.0,0.0,0.0
5.041910409927368,-0.0,0.0,2.0,0.0,0.0,0.0
5.091090679168701,-0.0,0.0,2.0,0.0,0.0,0.0
5.141037940979004,-0.0,0.0,2.0,0.0,0.0,0.0
5.19110107421875,-4.0,0.0,2.0,0.0,0.0,0.0
5.2411322593688965,-4.0,0.0,2.0,0.0,0.0,0.0
5.2910706996917725,-4.0,0.0,2.0,0.0,0.0,0.0
5.3412415981292725,-2.1176183223724365,0.0,2.0,0.0,0.0,0.0
5.39112401008606,-0.0,0.0,2.0,0.0,0.0,0.0
5.441043376922607,-0.0,0.0,2.0,0.0,0.0,0.0
5.49103045463562,-0.0,0.0,2.0,0.0,0.0,0.0
5.541052579879761,-0.0,0.0,2.0,0.0,0.0,0.0
5.591069459915161,-0.0,0.0,2.0,0.0,0.0,0.0
5.641067743301392,-0.0,0.0,2.0,0.0,0.0,0.0
5.691068172454834,-0.0,0.0,2.0,0.0,0.0,0.0
5.741103410720825,-0.0,0.0,2.0,0.0,0.0,0.0
5.791030168533325,-0.0,0.0,2.0,0.0,0.0,0.0
5.841012239456177,-0.0,0.0,2.0,0.0,0.0,0.0
5.89112114906311,-0.0,0.0,2.0,0.0,0.0,0.0
5.9410951137542725,-0.0,0.0,2.0,0.0,0.0,0.0
5.991060972213745,5.0,0.0,1.0,0.0,0.0,0.0
6.041444778442383,5.0,0.0,1.0,0.0,0.0,0.0
6.091084718704224,5.0,0.0,1.0,0.0,0.0,0.0
6.141046047210693,5.0,0.0,1.0,0.0,0.0,0.0
6.191049575805664,5.0,0.0,1.0,0.0,0.0,0.0
6.241266250610352,5.0,0.0,1.0,0.0,0.0,0.0
6.291075706481934,5.0,0.0,1.0,0.0,0.0,0.0
6.341062545776367,5.0,0.0,1.0,0.0,0.0,0.0
6.391101360321045,5.0,0.0,1.0,0.0,0.0,0.0
6.441041469573975,5.0,0.0,1.0,0.0,0.0,0.0
6.491055011749268,5.0,0.0,1.0,0.0,0.0,0.0
6.541073799133301,5.0,0.0,1.0,0.0,0.0,0.0
6.5910584926605225,5.0,0.0,1.0,0.0,0.0,0.0
6.641188144683838,5.0,0.0,1.0,0.0,0.0,0.0
6.691056489944458,5.0,0.0,1.0,0.0,0.0,0.0
6.741095304489136,5.0,0.0,1.0,0.0,0.0,0.0
6.791085243225098,5.0,0.0,1.0,0.0,0.0,0.0
6.841074705123901,5.0,0.0,1.0,0.0,0.0,0.0
6.891024589538574,5.0,0.0,1.0,0.0,0.0,0.0
6.941108465194702,5.0,0.0,1.0,0.0,0.0,0.0
6.991074323654175,5.0,0.0,1.0,0.0,0.0,0.0
7.041059970855713,5.0,0.0,1.0,0.0,0.0,0.0
7.091078758239746,5.0,0.0,1.0,0.0,0.0,0.0
7.1410603523254395,5.0,0.0,1.0,0.0,0.0,0.0
7.191015958786011,5.0,0.0,1.0,0.0,0.0,0.0
7.241091012954712,5.0,0.0,1.0,0.0,0.0,0.0
7.291080474853516,5.0,0.0,1.0,0.0,0.0,0.0
7.341071605682373,5.0,0.0,1.0,0.0,0.0,0.0
7.391017913818359,5.0,0.0,1.0,0.0,0.0,0.0
7.441067934036255,5.0,0.0,1.0,0.0,0.0,0.0
7.491016387939453,5.0,0.0,1.0,0.0,0.0,0.0
7.541019916534424,5.0,0.0,1.0,0.0,0.0,0.0
7.591062068939209,5.0,0.0,1.0,0.0,0.0,0.0
7.641046762466431,5.0,0.0,1.0,0.0,0.0,0.0
7.691047430038452,5.0,0.0,1.0,0.0,0.0,0.0
7.741034746170044,5.0,0.0,1.0,0.0,0.0,0.0
7.791073322296143,5.0,0.0,1.0,0.0,0.0,0.0
7.841063737869263,5.0,0.0,1.0,0.0,0.0,0.0
7.891025543212891,5.0,0.0,1.0,0.0,0.0,0.0
7.941081285476685,5.0,0.0,1.0,0.0,0.0,0.0
7.991059064865112,5.0,0.0,1.0,0.0,0.0,0.0
8.041024446487427,5.0,0.0,1.0,0.0,0.0,0.0
8.09106183052063,5.0,0.0,1.0,0.0,0.0,0.0
8.14103102684021,5.0,0.0,1.0,0.0,0.0,0.0
8.191201210021973,5.0,0.0,1.0,0.0,0.0,0.0
8.241032600402832,5.0,0.0,1.0,0.0,0.0,0.0
8.291061878204346,5.0,0.0,1.0,0.0,0.0,0.0
8.341218709945679,5.0,0.0,1.0,0.0,0.0,0.0
8.39104676246643,5.0,0.0,1.0,0.0,0.0,0.0
8.4411039352417,5.0,0.0,1.0,0.0,0.0,0.0
8.491081714630127,5.0,0.0,1.0,0.0,0.0,0.0
8.541054010391235,5.0,0.0,1.0,0.0,0.0,0.0
8.591074466705322,5.0,0.0,1.0,0.0,0.0,0.0
8.64108395576477,5.0,0.0,1.0,0.0,0.0,0.0
8.69108247756958,5.0,0.0,1.0,0.0,0.0,0.0
8.741056203842163,5.0,0.0,1.0,0.0,0.0,0.0
8.791036128997803,5.0,0.0,1.0,0.0,0.0,0.0
8.841079473495483,5.0,0.0,1.0,0.0,0.0,0.0
8.891037225723267,5.0,0.0,1.0,0.0,0.0,0.0
8.94101858139038,5.0,0.0,1.0,0.0,0.0,0.0
8.99101448059082,5.0,0.0,1.0,0.0,0.0,0.0
9.041074752807617,5.0,0.0,1.0,0.0,0.0,0.0
9.091246128082275,5.0,0.0,1.0,0.0,0.0,0.0
9.141014337539673,5.0,0.0,1.0,0.0,0.0,0.0
9.191449880599976,5.0,0.0,1.0,0.0,0.0,0.0
9.241090774536133,5.0,0.0,1.0,0.0,0.0,0.0
9.291069030761719,-0.0,0.0,2.0,0.0,0.0,0.0
9.341104745864868,-0.0,0.0,2.0,0.0,0.0,0.0
9.391067266464233,-0.0,0.0,2.0,0.0,0.0,0.0
9.441060543060303,-0.0,0.0,2.0,0.0,0.0,0.0
9.491071939468384,-2.3157637119293213,0.0,2.0,0.0,0.0,0.0
9.541012287139893,-4.0,0.0,2.0,0.0,0.0,0.0
9.591081857681274,-4.0,0.0,2.0,0.0,0.0,0.0
9.641083002090454,-4.0,0.0,2.0,0.0,0.0,0.0
9.691064357757568,-4.0,0.0,2.0,0.0,0.0,0.0
9.741032361984253,-4.0,0.0,2.0,0.0,0.0,0.0
9.791021823883057,-4.0,0.0,2.0,0.0,0.0,0.0
9.84103536605835,-4.0,0.0,2.0,0.0,0.0,0.0
9.891074419021606,-4.0,0.0,2.0,0.0,0.0,0.0
9.941195726394653,-4.0,0.0,2.0,0.0,0.0,0.0
9.991089344024658,-4.0,0.0,2.0,0.0,0.0,0.0
10.041144371032715,-4.0,0.0,2.0,0.0,0.0,0.0
10.091067552566528,-4.0,0.0,2.0,0.0,0.0,0.0
10.141040086746216,-4.0,0.0,2.0,0.0,0.0,0.0
10.191030025482178,-4.0,0.0,2.0,0.0,0.0,0.0
10.241114854812622,-4.0,0.0,2.0,0.0,0.0,0.0
10.291073083877563,-4.0,0.0,2.0,0.0,0.0,0.0
10.341325283050537,-4.0,0.0,2.0,0.0,0.0,0.0
10.391072988510132,-4.0,0.0,2.0,0.0,0.0,0.0
10.441299200057983,-4.0,0.0,2.0,0.0,0.0,-0.5194545720100403
10.491020917892456,-4.0,0.0,2.0,0.0,0.0,-0.6981333333333334
10.54106330871582,-4.0,0.0,2.0,0.0,0.0,-0.6981333333333334
10.591029405593872,-4.0,0.0,2.0,0.0,0.0,-0.6174396965026856
10.641065835952759,-4.0,0.0,2.0,0.0,0.0,0.0
10.691024541854858,-4.0,0.0,2.0,0.0,0.0,0.0
10.741130113601685,-4.0,0.0,2.0,0.0,0.0,0.0
10.791298627853394,-4.0,0.0,2.0,0.0,0.0,0.0
10.841090679168701,-4.0,0.0,2.0,0.0,0.0,0.0
10.891042947769165,-4.0,0.0,2.0,0.0,0.0,0.0
10.94105863571167,-4.0,0.0,2.0,0.0,0.0,0.0
10.991082429885864,-0.2682608962059021,0.0,2.0,0.0,0.0,0.0
11.04107141494751,-0.0,0.0,2.0,0.0,0.0,0.0
11.091078281402588,-0.0,0.0,2.0,0.0,0.0,0.0
11.141053915023804,-0.0,0.0,2.0,0.0,0.0,0.0
11.191121816635132,-0.0,0.0,2.0,0.0,0.0,0.0
11.24116039276123,-4.0,0.0,2.0,0.0,0.0,0.0
11.291080713272095,-4.0,0.0,2.0,0.0,0.0,0.0
11.341041088104248,-4.0,0.0,2.0,0.0,0.0,0.0
11.391027212142944,-4.0,0.0,2.0,0.0,0.0,0.0
11.4412522315979,-4.0,0.0,2.0,0.0,0.0,0.0
11.491321563720703,-4.0,0.0,2.0,0.0,0.0,0.0
11.54105806350708,-4.0,0.0,2.0,0.0,0.0,0.0
11.59107780456543,-4.0,0.0,2.0,0.0,0.0,0.0
11.641113042831421,-4.0,0.0,2.0,0.0,0.0,0.0
11.691115140914917,-4.0,0.0,2.0,0.0,0.0,0.0
11.74110746383667,-4.0,0.0,2.0,0.0,0.0,0.0
11.791048049926758,-4.0,0.0,2.0,0.0,0.0,0.0
11.841110229492188,-4.0,0.0,2.0,0.0,0.0,0.0
11.891053676605225,-3.6037089824676514,0.0,2.0,0.0,0.0,0.0
11.941057443618774,-0.0,0.0,2.0,0.0,0.0,0.0
11.991023063659668,-0.0,0.0,2.0,0.0,0.0,0.0
12.04105257987976,-0.0,0.0,2.0,0.0,0.0,0.0
12.091031789779663,-1.3250365257263184,0.0,2.0,0.0,0.0,0.0
12.141054630279541,-4.0,0.0,2.0,0.0,0.0,0.0
12.191061973571777,-4.0,0.0,2.0,0.0,0.0,0.0
12.241155624389648,-0.16918818652629852,0.0,2.0,0.0,0.0,0.0
12.29101276397705,-0.0,0.0,2.0,0.0,0.0,0.0
12.341049194335938,-0.0,0.0,2.0,0.0,0.0,0.0
12.391112565994263,-0.0,0.0,2.0,0.0,0.0,0.0
12.441072702407837,-0.0,0.0,2.0,0.0,0.0,0.0
12.49109673500061,0.7307287454605103,0.0,2.0,0.0,0.0,0.0
12.541053295135498,4.0,0.0,2.0,0.0,0.0,0.0
12.591070890426636,4.0,0.0,2.0,0.0,0.0,0.0
12.641031980514526,4.0,0.0,2.0,0.0,0.0,0.0
12.69107460975647,4.0,0.0,2.0,0.0,0.0,0.0
12.74106764793396,4.0,0.0,2.0,0.0,0.0,0.0
12.79106330871582,4.0,0.0,2.0,0.0,0.0,0.0
12.841063737869263,4.0,0.0,2.0,0.0,0.0,0.0
12.89104413986206,4.0,0.0,2.0,0.0,0.0,0.0
12.94102168083191,4.0,0.0,2.0,0.0,0.0,0.0
12.991067886352539,4.0,0.0,2.0,0.0,0.0,0.0
13.041019916534424,4.0,0.0,2.0,0.0,0.0,0.0
13.091059446334839,4.0,0.0,2.0,0.0,0.0,0.0
13.141015529632568,4.0,0.0,2.0,0.0,0.0,0.0
13.191086769104004,4.0,0.0,2.0,0.0,0.0,0.0
13.2411527633667,4.0,0.0,2.0,0.0,0.0,0.0
13.29102873802185,4.0,0.0,2.0,0.0,0.0,0.0
13.341082096099854,4.0,0.0,2.0,0.0,0.0,0.0
13.391058444976807,4.0,0.0,2.0,0.0,0.0,0.0
13.44105863571167,4.0,0.0,2.0,0.0,0.0,0.0
13.49108076095581,4.0,0.0,2.0,0.0,0.0,0.0
13.541070699691772,4.0,0.0,2.0,0.0,0.0,0.0
13.591026306152344,4.0,0.0,2.0,0.0,0.0,0.0
13.641071796417236,4.0,0.0,2.0,0.0,0.0,0.0
13.691059350967407,4.0,0.0,2.0,0.0,0.0,0.0
13.741072416305542,4.0,0.0,2.0,0.0,0.0,0.0
13.79106092453003,4.0,0.0,2.0,0.0,0.0,0.0
13.841031789779663,4.0,0.0,2.0,0.0,0.0,0.0
13.891024351119995,4.0,0.0,2.0,0.0,0.0,0.0
13.941068649291992,4.0,0.0,2.0,0.0,0.0,0.0
13.991031408309937,4.0,0.0,2.0,0.0,0.0,0.0
14.041097402572632,4.0,0.0,2.0,0.0,0.0,0.0
14.091055393218994,4.0,0.0,2.0,0.0,0.0,0.0
14.141066312789917,4.0,0.0,2.0,0.0,0.0,0.0
14.191046476364136,4.0,0.0,2.0,0.0,0.0,0.0
14.241102695465088,4.0,0.0,2.0,0.0,0.0,0.0
14.291038274765015,3.1745223999023438,0.0,2.0,0.0,0.0,0.0
14.341031551361084,-0.0,0.0,2.0,0.0,0.0,0.0
14.391082763671875,-0.0,0.0,2.0,0.0,0.0,0.0
14.441192388534546,-0.0,0.0,2.0,0.0,0.0,0.0
14.491073608398438,-0.0,0.0,2.0,0.0,0.0,0.0
14.541079998016357,-0.0,0.0,2.0,0.0,0.0,0.0
14.591059923171997,-0.0,0.0,2.0,0.0,0.0,0.0
14.64109492301941,-0.0,0.0,2.0,0.0,0.0,0.0
14.69107723236084,-0.0,0.0,2.0,0.0,0.0,0.0
14.741021633148193,-0.0,0.0,2.0,0.0,0.0,0.0
14.791074991226196,-0.0,0.0,2.0,0.0,0.0,0.0
14.84104871749878,-0.0,0.0,2.0,0.0,0.0,0.0
14.891066789627075,-0.0,0.0,2.0,0.0,0.0,0.0
14.941084623336792,-0.0,0.0,2.0,0.0,0.0,0.0
14.99109172821045,-0.0,0.0,2.0,0.0,0.0,0.0
15.041098833084106,-0.0,0.0,2.0,0.0,0.0,0.0
15.091017246246338,-0.0,0.0,2.0,0.0,0.0,0.0
15.141085624694824,-0.0,0.0,2.0,0.0,0.0,0.0
15.191076517105103,-0.0,0.0,2.0,0.0,0.0,0.0
15.241134405136108,-2.018545627593994,0.0,2.0,0.0,0.0,0.0
15.291026592254639,-4.0,0.0,2.0,0.0,0.0,0.0
15.34105134010315,-4.0,0.0,2.0,0.0,0.0,0.0
15.391029834747314,-4.0,0.0,2.0,0.0,0.0,0.0
15.44111967086792,-4.0,0.0,2.0,0.0,0.0,0.0
15.491029500961304,-4.0,0.0,2.0,0.0,0.0,0.0
15.541048288345337,-4.0,0.0,2.0,0.0,0.0,0.0
15.591028451919556,-4.0,0.0,2.0,0.0,0.0,0.0
15.641048192977905,-4.0,0.0,2.0,0.0,0.0,0.0
15.691175699234009,-4.0,0.0,2.0,0.0,0.0,0.0
15.74105191230774,-4.0,0.0,2.0,0.0,0.0,0.0
15.791062831878662,-4.0,0.0,2.0,0.0,0.0,0.0
15.84106969833374,-4.0,0.0,2.0,0.0,0.0,0.0
15.891090869903564,-4.0,0.0,2.0,0.0,0.0,0.0
15.941052198410034,-4.0,0.0,2.0,0.0,0.0,0.0
15.991064071655273,-4.0,0.0,2.0,0.0,0.0,0.0
16.04110026359558,-4.0,0.0,2.0,0.0,0.0,0.6059344391822815
16.091028928756714,-4.0,0.0,2.0,0.0,0.0,0.6981333333333334
16.14103364944458,-4.0,0.0,2.0,0.0,0.0,0.6981333333333334
16.191032886505127,-4.0,0.0,2.0,0.0,0.0,0.6520451006889344
16.241085052490234,-4.0,0.0,2.0,0.0,0.0,0.0
16.291068077087402,-4.0,0.0,2.0,0.0,0.0,0.0
16.341084718704224,-4.0,0.0,2.0,0.0,0.0,0.0
16.39107894897461,-4.0,0.0,2.0,0.0,0.0,0.0
16.441277742385864,-3.6037089824676514,0.0,2.0,0.0,0.0,0.0
16.491056203842163,-0.0,0.0,2.0,0.0,0.0,0.0
16.54126000404358,-0.0,0.0,2.0,0.0,0.0,-0.179388578637441
16.59102725982666,-0.0,0.0,2.0,0.0,0.0,-0.42146944751739507
16.641072034835815,-0.0,0.0,2.0,0.0,0.0,-0.6981333333333334
16.691072940826416,-0.0,0.0,2.0,0.0,0.0,-0.6981333333333334
16.74104952812195,0.8628256916999817,0.0,2.0,0.0,0.0,-0.6981333333333334
16.79104971885681,3.5047647953033447,0.0,2.0,0.0,0.0,-0.6981333333333334
16.84108567237854,4.0,0.0,2.0,0.0,0.0,-0.6981333333333334
16.89103412628174,4.0,0.0,2.0,0.0,0.0,-0.6981333333333334
16.94110107421875,3.108474016189575,0.0,2.0,0.0,0.0,-0.6981333333333334
16.9910569190979,-0.0,0.0,2.0,0.0,0.0,-0.6981333333333334
17.04106879234314,-0.0,0.0,2.0,0.0,0.0,-0.6981333333333334
17.091068029403687,-0.03709123283624649,0.0,2.0,0.0,0.0,-0.6981333333333334
17.14131236076355,-3.1083455085754395,0.0,2.0,0.0,0.0,-0.48487159668604535
17.19105839729309,-4.0,0.0,2.0,0.0,0.0,0.0
17.241273403167725,-4.0,0.0,2.0,0.0,0.0,-0.041056638330221176
17.291130542755127,-4.0,0.0,2.0,0.0,0.0,-0.335011988401413
17.341065883636475,-4.0,0.0,2.0,0.0,0.0,-0.6635503163973491
17.391068935394287,-4.0,0.0,2.0,0.0,0.0,-0.6981333333333334
17.441081285476685,-4.0,0.0,2.0,0.0,0.0,-0.6981333333333334
17.49107575416565,-4.0,0.0,2.0,0.0,0.0,-0.6981333333333334
17.541061401367188,-4.0,0.0,2.0,0.0,0.0,-0.6981333333333334
17.591020345687866,-4.0,0.0,2.0,0.0,0.0,-0.6981333333333334
17.641061067581177,-4.0,0.0,2.0,0.0,0.0,-0.6347311841646831
17.691082239151,-4.0,0.0,2.0,0.0,0.0,-0.6347311841646831
17.741076707839966,1.3912135362625122,0.0,2.0,0.0,0.0,-0.6001482088406881
17.791029930114746,-0.0,0.0,2.0,0.0,0.0,-0.35806729834874473
17.841039896011353,-0.0,0.0,2.0,0.0,0.0,0.0
17.891072273254395,-0.0,0.0,2.0,0.0,0.0,0.0
17.941080570220947,-1.9194728136062622,0.0,2.0,0.0,0.0,0.0
17.991094827651978,-4.0,0.0,2.0,0.0,0.0,0.0
18.041083812713623,-4.0,0.0,2.0,0.0,0.0,0.0
18.091081857681274,-4.0,0.0,2.0,0.0,0.0,0.0
18.141307592391968,-4.0,0.0,2.0,0.0,0.0,0.0
18.191082000732422,-4.0,0.0,2.0,0.0,0.0,0.0
18.241079330444336,-4.0,0.0,2.0,0.0,0.0,0.0
18.291019916534424,-0.7306002378463745,0.0,2.0,0.0,0.0,0.0
18.341288328170776,-0.0,0.0,2.0,0.0,0.0,0.12177269101937613
18.39107871055603,-0.0,0.0,2.0,0.0,0.0,0.14482801136970522
18.441105365753174,-0.0,0.0,2.0,0.0,0.0,0.14482801136970522
18.491044521331787,-3.1083455085754395,0.0,2.0,0.0,0.0,0.17941100749969482
18.5410418510437,-4.0,0.0,2.0,0.0,0.0,0.38114505796432496
18.591055393218994,-4.0,0.0,2.0,0.0,0.0,0.46183869479497275
18.641315698623657,1.1600438356399536,0.0,2.0,0.0,0.0,0.0
18.691078424453735,-0.0,0.0,2.0,0.0,0.0,0.0
18.74106788635254,-0.0,0.0,2.0,0.0,0.0,0.0
18.791017293930054,-0.928745687007904,0.0,2.0,0.0,0.0,0.0
18.841089487075806,-4.0,0.0,2.0,0.0,0.0,0.0
18.891010284423828,-4.0,0.0,2.0,0.0,0.0,0.17941100749969482
18.94104552268982,-4.0,0.0,2.0,0.0,0.0,0.6981333333333334
18.991061449050903,-3.83487868309021,0.0,2.0,0.0,0.0,0.6981333333333334
19.041062355041504,-0.0,0.0,2.0,0.0,0.0,0.6981333333333334
19.091062784194946,-0.0,0.0,2.0,0.0,0.0,0.565587662378947
19.141022443771362,-1.556206226348877,0.0,2.0,0.0,0.0,0.0
19.191075325012207,-4.0,0.0,2.0,0.0,0.0,0.0
19.24108862876892,-4.0,0.0,2.0,0.0,0.0,0.0
19.291069984436035,-4.0,0.0,2.0,0.0,0.0,0.6981333333333334
19.34105372428894,0.03721972927451134,0.0,2.0,0.0,0.0,0.6981333333333334
19.391044855117798,-0.0,0.0,2.0,0.0,0.0,0.6981333333333334
19.441071033477783,-0.13616394996643066,0.0,2.0,0.0,0.0,0.0
19.49106788635254,-2.877175807952881,0.0,2.0,0.0,0.0,0.0
19.541022062301636,-4.0,0.0,2.0,0.0,0.0,0.0
19.59102487564087,-2.0845940113067627,0.0,2.0,0.0,0.0,0.0
19.64098882675171,-0.0,0.0,2.0,0.0,0.0,0.0
19.691083908081055,-0.0,0.0,2.0,0.0,0.0,0.0
19.741096258163452,-3.339515209197998,0.0,2.0,0.0,0.0,0.0
19.791061878204346,-4.0,0.0,2.0,0.0,0.0,0.0
19.841097116470337,-0.0,0.0,2.0,0.0,0.0,0.0
19.891064643859863,-0.0,0.0,2.0,0.0,0.0,0.0
19.941057682037354,-0.0,0.0,2.0,0.0,0.0,0.0
19.99106216430664,-0.0,0.0,2.0,0.0,0.0,0.0
20.041077613830566,-0.0,0.0,2.0,0.0,0.0,0.0
20.091045379638672,-0.0,0.0,2.0,0.0,0.0,0.0
20.1410710811615,-0.0,0.0,2.0,0.0,0.0,0.0
20.191068172454834,-0.0,0.0,2.0,0.0,0.0,0.0
20.241045475006104,7.0,0.0,1.0,0.0,0.0,0.0
20.29105043411255,7.0,0.0,1.0,0.0,0.0,0.0
20.341016054153442,7.0,0.0,1.0,0.0,0.0,0.0
20.391068935394287,7.0,0.0,1.0,0.0,0.0,0.0
20.44106125831604,7.0,0.0,1.0,0.0,0.0,0.0
20.491027116775513,7.0,0.0,1.0,0.0,0.0,0.0
20.54105806350708,7.0,0.0,1.0,0.0,0.0,0.0
20.591325998306274,7.0,0.0,1.0,0.0,0.0,0.0
20.641095399856567,7.0,0.0,1.0,0.0,0.0,0.0
20.69110679626465,7.0,0.0,1.0,0.0,0.0,0.0
20.741068363189697,7.0,0.0,1.0,0.0,0.0,0.0
20.791017770767212,7.0,0.0,1.0,0.0,0.0,0.0
20.841055154800415,7.0,0.0,1.0,0.0,0.0,0.0
20.891054391860962,7.0,0.0,1.0,0.0,0.0,0.0
20.94105577468872,7.0,0.0,1.0,0.0,0.0,0.0
20.991063356399536,7.0,0.0,1.0,0.0,0.0,0.0
21.04108238220215,7.0,0.0,1.0,0.0,0.0,0.0
21.09122920036316,7.0,0.0,1.0,0.0,0.0,0.0
21.141084671020508,7.0,0.0,1.0,0.0,0.0,0.0
21.191092252731323,7.0,0.0,1.0,0.0,0.0,0.0
21.2410728931427,7.0,0.0,1.0,0.0,0.0,0.0
21.291089057922363,7.0,0.0,1.0,0.0,0.0,0.0
21.34101390838623,7.0,0.0,1.0,0.0,0.0,0.0
21.391064167022705,7.0,0.0,1.0,0.0,0.0,0.0
21.441056966781616,7.0,0.0,1.0,0.0,0.0,0.0
21.491060733795166,7.0,0.0,1.0,0.0,0.0,0.0
21.54103136062622,7.0,0.0,1.0,0.0,0.0,0.0
21.591050624847412,7.0,0.0,1.0,0.0,0.0,0.0
21.64109754562378,7.0,0.0,1.0,0.0,0.0,0.0
21.69102168083191,-0.13616394996643066,0.0,2.0,0.0,0.0,0.0
21.741074800491333,-0.0,0.0,2.0,0.0,0.0,0.0
21.791050672531128,-0.0,0.0,2.0,0.0,0.0,0.0
21.841070652008057,-0.0,0.0,2.0,0.0,0.0,0.0
21.891050815582275,-0.0,0.0,2.0,0.0,0.0,0.0
21.94109869003296,-0.0,0.0,2.0,0.0,0.0,0.0
21.9910569190979,-0.0,0.0,2.0,0.0,0.0,0.0
22.041290760040283,-1.556206226348877,0.0,2.0,0.0,0.0,0.0
22.09104323387146,-4.0,0.0,2.0,0.0,0.0,0.0
22.141053915023804,-4.0,0.0,2.0,0.0,0.0,0.0
22.1910400390625,-4.0,0.0,2.0,0.0,0.0,0.0
22.241098165512085,-4.0,0.0,2.0,0.0,0.0,0.0
22.291033029556274,-4.0,0.0,2.0,0.0,0.0,0.0
22.34126377105713,-4.0,0.0,2.0,0.0,0.0,0.0
22.391074180603027,-4.0,0.0,2.0,0.0,0.0,0.0
22.44109845161438,-4.0,0.0,2.0,0.0,0.0,0.0
22.491071701049805,-4.0,0.0,2.0,0.0,0.0,0.0
22.5410635471344,-4.0,0.0,2.0,0.0,0.0,0.0
22.591081619262695,-4.0,0.0,2.0,0.0,0.0,0.0
22.64109516143799,-4.0,0.0,2.0,0.0,0.0,0.0
22.691073656082153,-4.0,0.0,2.0,0.0,0.0,0.0
22.74102520942688,-4.0,0.0,2.0,0.0,0.0,0.0
22.79102635383606,-4.0,0.0,2.0,0.0,0.0,0.0
22.841065406799316,-0.0,0.0,2.0,0.0,0.0,0.0
22.891024112701416,-0.0,0.0,2.0,0.0,0.0,0.0
22.94105887413025,-0.0,0.0,2.0,0.0,0.0,0.0
22.991057872772217,-1.8204001188278198,0.0,2.0,0.0,0.0,0.0
23.04102373123169,-4.0,0.0,2.0,0.0,0.0,0.0
23.091078281402588,-4.0,0.0,2.0,0.0,0.0,0.0
23.14108943939209,-3.6037089824676514,0.0,2.0,0.0,0.0,0.0
23.19107937812805,-0.0,0.0,2.0,0.0,0.0,0.0
23.241116523742676,-0.0,0.0,2.0,0.0,0.0,0.0
23.291057586669922,-0.0,0.0,2.0,0.0,0.0,0.0
23.341413497924805,-0.5985032916069031,0.0,2.0,0.0,0.0,0.0
23.39106249809265,-4.0,0.0,2.0,0.0,0.0,0.0
23.441185474395752,-4.0,0.0,2.0,0.0,0.0,0.0
23.491053104400635,-0.03709123283624649,0.0,2.0,0.0,0.0,0.0
23.541033506393433,-0.0,0.0,2.0,0.0,0.0,0.0
23.59100842475891,-0.0,0.0,2.0,0.0,0.0,0.0
23.64108633995056,-0.0,0.0,2.0,0.0,0.0,0.0
23.69107937812805,-0.0,0.0,2.0,0.0,0.0,0.0
23.74106192588806,-0.0,0.0,2.0,0.0,0.0,0.0
23.79107093811035,-0.0,0.0,2.0,0.0,0.0,0.0
23.841078996658325,-0.0,0.0,2.0,0.0,0.0,0.0
23.8911612033844,-0.0,0.0,2.0,0.0,0.0,0.0
23.941059827804565,-0.0,0.0,2.0,0.0,0.0,0.0
23.99118995666504,0.0,0.0,0.0,0.0,0.0,0.0
24.041079998016357,0.0,0.0,0.0,0.0,0.0,0.0
24.09104299545288,0.0,0.0,0.0,0.0,0.0,0.0
24.14104652404785,0.0,0.0,0.0,0.0,0.0,0.0
24.191076278686523,0.0,0.0,0.0,0.0,0.0,0.0
24.241068601608276,0.0,0.0,0.0,0.0,0.0,0.0
24.291036128997803,0.0,0.0,0.0,0.0,0.0,0.0
24.341028928756714,0.0,0.0,0.0,0.0,0.0,0.0
24.391072034835815,0.0,0.0,0.0,0.0,0.0,0.0
24.441080331802368,0.0,0.0,0.0,0.0,0.0,0.0
24.491025924682617,0.0,0.0,0.0,0.0,0.0,0.0
24.54106569290161,0.0,0.0,0.0,0.0,0.0,0.0
24.59107780456543,0.0,0.0,0.0,0.0,0.0,0.0
24.64102602005005,0.0,0.0,0.0,0.0,0.0,0.0
24.691080570220947,0.0,0.0,0.0,0.0,0.0,0.0
24.740976333618164,0.0,0.0,0.0,0.0,0.0,0.0
24.79103946685791,0.0,0.0,0.0,0.0,0.0,0.0
24.84111976623535,0.0,0.0,0.0,0.0,0.0,0.0
24.89108896255493,0.0,0.0,0.0,0.0,0.0,0.0
24.941054344177246,0.0,0.0,0.0,0.0,0.0,0.0
24.99104356765747,0.0,0.0,0.0,0.0,0.0,0.0
25.04106068611145,0.0,0.0,0.0,0.0,0.0,0.0
25.091057538986206,0.0,0.0,0.0,0.0,0.0,0.0
25.141071319580078,0.0,0.0,0.0,0.0,0.0,0.0
25.19105553627014,0.0,0.0,0.0,0.0,0.0,0.0
25.241116046905518,0.0,0.0,0.0,0.0,0.0,0.0
25.291070461273193,0.0,0.0,0.0,0.0,0.0,0.0
25.341057538986206,0.0,0.0,0.0,0.0,0.0,0.0
25.39102554321289,0.0,0.0,0.0,0.0,0.0,0.0
25.44107937812805,0.0,0.0,0.0,0.0,0.0,0.0
25.491044998168945,0.0,0.0,0.0,0.0,0.0,0.0
25.54105043411255,0.0,0.0,0.0,0.0,0.0,0.0
25.59112572669983,0.0,0.0,0.0,0.0,0.0,0.0
25.64106798171997,0.0,0.0,0.0,0.0,0.0,0.0
25.69108009338379,0.0,0.0,0.0,0.0,0.0,0.0
25.741089820861816,0.0,0.0,0.0,0.0,0.0,0.0
25.791056394577026,0.0,0.0,0.0,0.0,0.0,0.0
25.841087102890015,0.0,0.0,0.0,0.0,0.0,0.0
25.891072750091553,0.0,0.0,0.0,0.0,0.0,0.0
25.941053867340088,0.0,0.0,0.0,0.0,0.0,0.0
25.99107599258423,0.0,0.0,0.0,0.0,0.0,0.0
26.04103422164917,0.0,0.0,0.0,0.0,0.0,0.0
26.091066598892212,0.0,0.0,0.0,0.0,0.0,0.0
26.14107322692871,0.0,0.0,0.0,0.0,0.0,0.0
